date,Open,High,Low,Close,logret
2022-12-18,16777.54,16863.26,16663.07,16738.21,-0.0022861599473239873
2022-12-19,16739.0,16815.99,16256.3,16438.88,-0.018044869047170384
2022-12-20,16438.88,17061.27,16397.2,16895.56,0.027401604731458414
2022-12-21,16896.15,16925.0,16723.0,16824.67,-0.004204603849787203
2022-12-22,16824.68,16868.52,16559.85,16821.43,-0.00019259290140687945
2022-12-23,16821.9,16955.14,16731.13,16778.5,-0.002555363857047274
2022-12-24,16778.52,16869.99,16776.62,16836.12,0.003428273556819251
2022-12-25,16835.73,16857.96,16721.0,16832.11,-0.00023820676162420736
2022-12-26,16832.11,16944.52,16791.0,16919.39,0.005171929813683699
2022-12-27,16919.39,16972.83,16592.37,16706.36,-0.01267081627317635
2022-12-28,16706.06,16785.19,16465.33,16547.31,-0.00956593439752758
2022-12-29,16547.32,16664.41,16488.91,16633.47,0.005193379640446887
2022-12-30,16633.47,16677.35,16333.0,16607.48,-0.0015637342071172207
2022-12-31,16607.48,16644.09,16470.0,16542.4,-0.003926414431065476
2023-01-01,16541.77,16628.0,16499.01,16616.75,0.004484440922006132
2023-01-02,16617.17,16799.23,16548.7,16672.87,0.00337162473850112
2023-01-03,16672.78,16778.4,16605.28,16675.18,0.00013853883532594145
2023-01-04,16675.65,16991.87,16652.66,16850.36,0.010450635209181243
2023-01-05,16850.36,16879.82,16753.0,16831.85,-0.0010990966366733739
2023-01-06,16831.85,17041.0,16679.0,16950.65,0.007033256255153627
2023-01-07,16950.31,16981.91,16908.0,16943.57,-0.0004177703515806188
2023-01-08,16943.83,17176.99,16911.0,17127.83,0.010816215147354305
2023-01-09,17127.83,17398.8,17104.66,17178.26,0.0029400048985379155
2023-01-10,17179.04,17499.0,17146.34,17440.66,0.015159630933365425
2023-01-11,17440.64,18000.0,17315.6,17943.26,0.02841029515457346
2023-01-12,17943.26,19117.04,17892.05,18846.62,0.04911903051513352
2023-01-13,18846.62,20000.0,18714.12,19930.01,0.055893048509553726
2023-01-14,19930.01,21258.0,19888.05,20954.92,0.050146827684418194
2023-01-15,20952.76,21050.74,20551.01,20871.5,-0.003988871656173911
2023-01-16,20872.99,21474.05,20611.48,21185.65,0.014939473685250641
2023-01-17,21185.65,21647.45,20841.31,21134.81,-0.0024026215431750143
2023-01-18,21132.29,21650.0,20407.15,20677.47,-0.021876742420547574
2023-01-19,20677.47,21192.0,20659.19,21071.59,0.018880985981668756
2023-01-20,21071.59,22755.93,20861.28,22667.21,0.0729936990967774
2023-01-21,22666.0,23371.8,22422.0,22783.55,0.0051193975233281225
2023-01-22,22783.35,23078.71,22292.37,22707.88,-0.0033267835189935463
2023-01-23,22706.02,23180.0,22500.0,22916.45,0.009142992475145141
2023-01-24,22917.81,23162.2,22462.93,22632.89,-0.012450835212587299
2023-01-25,22631.94,23816.73,22300.0,23060.94,0.018736119160646474
2023-01-26,23060.42,23282.47,22850.01,23009.65,-0.0022265840828143047
2023-01-27,23009.65,23500.0,22534.88,23074.16,0.0027996835390564157
2023-01-28,23074.16,23189.0,22878.46,23022.6,-0.002237034511835935
2023-01-29,23021.4,23960.54,22967.76,23742.3,0.03078192520585222
2023-01-30,23743.37,23800.51,22500.0,22826.15,-0.0393514588233174
2023-01-31,22827.38,23320.0,22714.77,23125.13,0.013013096440887308
2023-02-01,23125.13,23812.66,22760.23,23732.66,0.025932253556535844
2023-02-02,23731.41,24255.0,23363.27,23488.94,-0.010322486493569127
2023-02-03,23489.33,23715.7,23204.62,23431.9,-0.002431330219096245
2023-02-04,23431.9,23587.78,23253.96,23326.84,-0.004493712909870792
2023-02-05,23327.66,23433.33,22743.0,22932.91,-0.017031632139821246
2023-02-06,22932.91,23158.25,22628.13,22762.52,-0.007457673107036351
2023-02-07,22762.52,23350.25,22745.78,23240.46,0.020779401555923737
2023-02-08,23242.42,23452.0,22665.85,22963.0,-0.01201050031064175
2023-02-09,22961.85,23011.39,21688.0,21796.35,-0.052141700352517424
2023-02-10,21797.83,21938.16,21451.0,21625.19,-0.007883685677702989
2023-02-11,21625.19,21906.32,21599.78,21862.55,0.010916288456747329
2023-02-12,21862.02,22090.0,21630.0,21783.54,-0.0036204886304742638
2023-02-13,21782.37,21894.99,21351.07,21773.97,-0.00043941906477148134
2023-02-14,21774.63,22319.08,21532.77,22199.84,0.01936986197704005
2023-02-15,22199.84,24380.0,22047.28,24324.05,0.09138049119365944
2023-02-16,24322.87,25250.0,23505.25,23517.72,-0.033711393282664585
2023-02-17,23517.72,25021.11,23339.37,24569.97,0.043770785975072134
2023-02-18,24568.24,24877.0,24430.0,24631.95,0.002519415209186526
2023-02-19,24632.05,25192.0,24192.57,24271.76,-0.014730846119734737
2023-02-20,24272.51,25121.23,23840.83,24842.2,0.023230285350592204
2023-02-21,24843.89,25250.0,24148.34,24452.16,-0.015825264394064464
2023-02-22,24450.67,24476.05,23574.69,24182.21,-0.011101316717520895
2023-02-23,24182.21,24599.59,23608.0,23940.2,-0.01005818454576867
2023-02-24,23940.2,24132.35,22841.19,23185.29,-0.032041028461487375
2023-02-25,23184.04,23219.13,22722.0,23157.07,-0.0012178923770018468
2023-02-26,23157.07,23689.99,23059.18,23554.85,0.01703161058168721
2023-02-27,23554.85,23897.99,23106.77,23492.09,-0.0026679753126395687
2023-02-28,23492.09,23600.0,23020.97,23141.57,-0.015033201397948169
2023-03-01,23141.57,24000.0,23020.03,23628.97,0.020842934243896633
2023-03-02,23629.76,23796.93,23195.9,23465.32,-0.006949915104728103
2023-03-03,23465.32,23476.95,21971.13,22354.34,-0.048503100831987105
2023-03-04,22354.34,22410.0,22157.08,22346.57,-0.00034764393289772876
2023-03-05,22346.57,22662.09,22189.22,22430.24,0.003737206709584325
2023-03-06,22430.24,22602.19,22258.0,22410.0,-0.000902760617454153
2023-03-07,22409.41,22557.91,21927.0,22197.96,-0.009506895048812334
2023-03-08,22198.56,22287.0,21580.0,21705.44,-0.022437472391169118
2023-03-09,21704.37,21834.99,20042.72,20362.22,-0.06388169730657518
2023-03-10,20362.21,20367.78,19549.09,20150.69,-0.010442692083692516
2023-03-11,20150.69,20686.51,19765.03,20455.73,0.015024507857790617
2023-03-12,20455.73,22150.0,20270.6,21997.11,0.07264804225261712
2023-03-13,21998.05,24500.0,21813.88,24113.48,0.0918599391330703
2023-03-14,24112.27,26386.87,23976.42,24670.41,0.022833529552860565
2023-03-15,24670.41,25196.97,23896.95,24285.66,-0.015718497080592527
2023-03-16,24285.66,25167.4,24123.0,24998.78,0.028940970979109415
2023-03-17,24998.78,27756.84,24890.0,27395.13,0.0915382366931726
2023-03-18,27395.13,27724.85,26578.0,26907.49,-0.017960573857961144
2023-03-19,26907.49,28390.1,26827.22,27972.87,0.03883042537639571
2023-03-20,27972.87,28472.0,27124.47,27717.01,-0.009188807742989342
2023-03-21,27717.01,28438.55,27303.1,28105.47,0.013917915171174959
2023-03-22,28107.81,28868.05,26601.8,27250.97,-0.030875102511240874
2023-03-23,27250.97,28750.0,27105.0,28295.41,0.037610483876124916
2023-03-24,28295.42,28374.3,27000.0,27454.47,-0.030170604453767236
2023-03-25,27454.46,27787.33,27156.09,27462.95,0.00030882732901125104
2023-03-26,27462.96,28194.4,27417.76,27968.05,0.01822496367160109
2023-03-27,27968.05,28023.86,26508.14,27124.91,-0.030610293346195108
2023-03-28,27124.9,27520.0,26631.78,27261.07,0.005007183266062188
2023-03-29,27261.06,28650.0,27240.1,28348.6,0.039117969089514086
2023-03-30,28348.6,29184.68,27686.0,28028.53,-0.011354726247076305
2023-03-31,28028.53,28656.69,27511.71,28465.36,0.01546498944228887
2023-04-01,28465.36,28819.71,28220.27,28452.73,-0.00044379564413691034
2023-04-02,28452.74,28530.0,27856.43,28171.87,-0.009920151427765776
2023-04-03,28171.87,28500.99,27200.24,27800.0,-0.01328794166506373
2023-04-04,27800.0,28444.44,27662.79,28165.47,0.01306073888880465
2023-04-05,28165.47,28775.0,27805.1,28170.01,0.00016117729039769833
2023-04-06,28170.01,28182.05,27711.0,28033.82,-0.0048462984303144436
2023-04-07,28033.83,28100.0,27766.94,27906.33,-0.004558093631494347
2023-04-08,27906.34,28154.99,27859.02,27938.38,0.0011478259451552448
2023-04-09,27938.38,28530.0,27800.0,28323.76,0.013699657615021985
2023-04-10,28323.76,29770.0,28170.0,29637.34,0.04533402443678367
2023-04-11,29637.35,30550.0,29590.0,30200.42,0.018820778757940998
2023-04-12,30200.43,30486.0,29637.4,29888.07,-0.010396427448109471
2023-04-13,29888.07,30595.0,29854.59,30373.84,0.01612230751029388
2023-04-14,30373.84,31000.0,29966.0,30466.93,0.003060121449609667
2023-04-15,30466.93,30595.6,30202.0,30295.09,-0.005656179900882534
2023-04-16,30295.1,30549.99,30120.0,30304.65,0.00031551290745832457
2023-04-17,30304.66,30316.06,29240.65,29430.27,-0.029277429572032238
2023-04-18,29430.27,30485.0,29096.78,30380.01,0.031761089816271876
2023-04-19,30380.01,30413.53,28520.0,28797.1,-0.053510138704066394
2023-04-20,28797.1,29088.3,28010.0,28243.65,-0.01940603406257386
2023-04-21,28243.65,28374.02,27125.0,27262.84,-0.03534405077145466
2023-04-22,27262.84,27882.72,27140.35,27816.85,0.02011734939753183
2023-04-23,27816.85,27816.85,27311.25,27590.6,-0.008166817188415205
2023-04-24,27590.59,28000.0,26942.82,27510.93,-0.002891754748673293
2023-04-25,27510.93,28399.99,27192.0,28300.79,0.028306339200071688
2023-04-26,28300.8,30036.0,27235.0,28415.29,0.004037661120266265
2023-04-27,28415.29,29890.0,28378.86,29472.77,0.0365394056503652
2023-04-28,29472.77,29599.54,28891.0,29311.7,-0.005480032501360423
2023-04-29,29311.69,29448.88,29031.0,29230.45,-0.0027757795765594477
2023-04-30,29230.45,29969.39,29079.59,29233.21,9.441762633578723e-05
2023-05-01,29233.2,29337.34,27666.95,28068.26,-0.040665991207925405
2023-05-02,28068.26,28879.88,27872.0,28669.86,0.021206996165195773
2023-05-03,28669.85,29266.66,28113.69,29026.16,0.012351095602062214
2023-05-04,29026.16,29379.83,28663.64,28838.16,-0.006497982228264741
2023-05-05,28838.16,29677.0,28800.0,29505.61,0.02288090465334252
2023-05-06,29505.6,29820.0,28300.0,28848.2,-0.02253281543081646
2023-05-07,28848.19,29138.29,28395.23,28430.1,-0.01459915625864984
2023-05-08,28430.09,28631.01,27262.0,27668.79,-0.027143379896367045
2023-05-09,27668.8,27818.0,27353.0,27628.27,-0.0014655392981985705
2023-05-10,27628.28,28331.42,26777.0,27598.75,-0.0010690420309266652
2023-05-11,27598.74,27630.14,26702.05,26968.62,-0.0230965139643067
2023-05-12,26968.61,27091.12,25811.46,26795.01,-0.00645829172740886
2023-05-13,26795.01,27045.45,26692.03,26775.28,-0.0007366023552270455
2023-05-14,26775.27,27200.0,26560.53,26917.62,0.005302016968638717
2023-05-15,26917.61,27663.59,26726.0,27162.14,0.0090430011641092
2023-05-16,27162.15,27296.89,26852.11,27033.84,-0.004734677357132959
2023-05-17,27033.85,27500.0,26544.71,27405.61,0.013658322391184448
2023-05-18,27405.62,27485.33,26361.2,26821.28,-0.021552134669642054
2023-05-19,26821.28,27183.6,26630.0,26880.26,0.002196585934586688
2023-05-20,26880.26,27150.0,26825.11,27102.43,0.008231203535191795
2023-05-21,27102.42,27277.55,26666.03,26747.78,-0.013171912518513606
2023-05-22,26747.78,27099.89,26538.21,26849.27,0.0037871532594394926
2023-05-23,26849.28,27495.83,26798.11,27219.61,0.01369903691712277
2023-05-24,27219.61,27219.61,26080.5,26329.01,-0.03326629631528951
2023-05-25,26329.0,26631.98,25871.89,26473.79,0.005483813844004058
2023-05-26,26473.8,26932.16,26327.24,26705.92,0.008730076726596555
2023-05-27,26705.93,26895.0,26551.0,26854.27,0.005539576292267746
2023-05-28,26854.28,28261.32,26764.36,28065.0,0.04409840842612671
2023-05-29,28065.01,28447.14,27524.6,27736.4,-0.011777618425209708
2023-05-30,27736.39,28038.59,27554.0,27694.4,-0.0015154032789555
2023-05-31,27694.39,27835.51,26839.01,27210.35,-0.017632811059524262
2023-06-01,27210.36,27350.0,26605.05,26817.93,-0.014526721963616974
2023-06-02,26817.93,27300.0,26505.0,27242.59,0.015710863858149307
2023-06-03,27242.59,27333.29,26914.93,27069.22,-0.0063842684993772065
2023-06-04,27069.22,27455.02,26951.0,27115.21,0.0016975360281114345
2023-06-05,27115.2,27129.33,25388.0,25728.2,-0.05250715845555731
2023-06-06,25728.2,27355.33,25351.02,27230.08,0.05673457801927024
2023-06-07,27230.07,27391.77,26125.01,26339.34,-0.03325860556385626
2023-06-08,26339.34,26810.0,26210.0,26498.61,0.00602863973269374
2023-06-09,26498.62,26783.33,26269.91,26477.81,-0.0007852550651334101
2023-06-10,26477.8,26533.87,25358.0,25841.21,-0.024336519277700846
2023-06-11,25841.22,26206.88,25634.7,25925.55,0.003258464490493794
2023-06-12,25925.54,26106.48,25602.11,25905.19,-0.0007856342026842933
2023-06-13,25905.2,26433.21,25712.57,25934.25,0.0011211542039807445
2023-06-14,25934.24,26098.0,24820.56,25128.6,-0.03155784923802867
2023-06-15,25128.6,25759.01,24800.0,25598.49,0.018526725673652867
2023-06-16,25598.49,26518.0,25175.56,26345.0,0.028745138290379006
2023-06-17,26345.01,26839.99,26181.0,26516.99,0.006507155969033793
2023-06-18,26516.99,26700.0,26255.85,26339.97,-0.006698102267960423
2023-06-19,26339.98,27068.09,26256.61,26844.35,0.0189678131440085
2023-06-20,26844.35,28402.74,26652.0,28307.99,0.05308872645011515
2023-06-21,28308.0,30800.0,28257.99,29993.89,0.057849597296170514
2023-06-22,29993.89,30500.0,29525.61,29884.92,-0.0036396889082070654
2023-06-23,29884.92,31431.94,29800.0,30688.5,0.026533986237444202
2023-06-24,30688.51,30800.0,30250.0,30527.43,-0.005262367873937984
2023-06-25,30527.44,31046.01,30277.49,30462.66,-0.002123952410926466
2023-06-26,30462.67,30666.0,29930.0,30267.99,-0.00641095284669021
2023-06-27,30267.99,30994.97,30226.17,30692.44,0.013925651745678577
2023-06-28,30692.44,30709.74,29858.8,30077.41,-0.020241978544881276
2023-06-29,30077.4,30843.98,30049.98,30447.31,0.012223257058951633
2023-06-30,30447.31,31282.0,29500.0,30472.0,0.0008105804662547625
2023-07-01,30471.99,30661.6,30320.57,30585.9,0.0037308892745919983
2023-07-02,30585.9,30791.0,30155.0,30617.03,0.001017271646457164
2023-07-03,30617.02,31380.0,30570.27,31156.2,0.01745687224902878
2023-07-04,31156.2,31350.69,30620.0,30766.51,-0.012586501609656327
2023-07-05,30766.52,30878.07,30200.0,30504.81,-0.008542384639438915
2023-07-06,30504.8,31500.0,29850.45,29895.43,-0.02017875019166179
2023-07-07,29895.42,30449.0,29701.02,30344.7,0.014916247025860701
2023-07-08,30344.7,30386.81,30044.47,30284.63,-0.0019815498424806542
2023-07-09,30284.63,30445.52,30061.12,30160.71,-0.004100239112277894
2023-07-10,30160.71,31045.78,29950.0,30411.57,0.008283044133908972
2023-07-11,30411.57,30813.63,30300.0,30622.1,0.006898842392956891
2023-07-12,30622.1,30983.25,30210.0,30380.0,-0.007937473335964864
2023-07-13,30380.0,31804.2,30251.0,31454.23,0.034748976139702924
2023-07-14,31454.23,31630.0,29900.0,30312.01,-0.03698946968873567
2023-07-15,30312.0,30390.9,30200.0,30289.52,-0.0007422255191403193
2023-07-16,30289.52,30441.46,30064.29,30231.99,-0.0019011428276580337
2023-07-17,30232.0,30336.96,29659.2,30138.0,-0.0031138012758330853
2023-07-18,30138.01,30239.78,29512.0,29859.13,-0.00929617827722886
2023-07-19,29859.14,30189.09,29761.96,29909.21,0.0016758040032582482
2023-07-20,29909.21,30417.46,29570.96,29800.0,-0.00365806621063334
2023-07-21,29800.0,30061.7,29726.34,29901.72,0.0034076103143899864
2023-07-22,29901.72,29999.0,29625.1,29794.0,-0.0036089728683473903
2023-07-23,29793.99,30350.0,29730.0,30083.75,0.009678127907075769
2023-07-24,30083.75,30099.58,28861.9,29176.5,-0.030621568131757492
2023-07-25,29176.5,29376.0,29047.65,29228.91,0.0017946972401168204
2023-07-26,29228.91,29690.0,29096.94,29351.96,0.004201036310069169
2023-07-27,29351.95,29567.49,29083.85,29222.78,-0.004410782171051959
2023-07-28,29222.78,29542.22,29123.12,29314.14,0.0031214513568593983
2023-07-29,29314.14,29406.92,29256.18,29352.9,0.0013213554199944793
2023-07-30,29352.9,29449.0,29033.24,29281.09,-0.002449433712539638
2023-07-31,29281.09,29530.0,29101.8,29232.25,-0.0016693633056041337
2023-08-01,29232.26,29739.25,28585.7,29705.99,0.016076157104390566
2023-08-02,29705.99,30047.5,28927.5,29186.01,-0.017659224099430867
2023-08-03,29186.0,29433.33,28968.0,29193.64,0.0002613924558795061
2023-08-04,29193.65,29333.08,28807.54,29113.99,-0.002732062666357572
2023-08-05,29114.0,29152.23,28978.64,29072.13,-0.0014388313646510047
2023-08-06,29072.13,29205.09,28991.88,29088.42,0.0005601735343276643
2023-08-07,29088.43,29276.78,28701.03,29211.06,0.004207247848642796
2023-08-08,29211.06,30244.0,29146.45,29770.42,0.01896787840738051
2023-08-09,29770.41,30160.0,29376.67,29581.99,-0.006349552885029144
2023-08-10,29581.99,29738.0,29320.2,29455.75,-0.004276592986209428
2023-08-11,29455.76,29564.52,29252.45,29426.03,-0.0010094804377126705
2023-08-12,29426.02,29481.35,29381.56,29430.17,0.0001406818655240356
2023-08-13,29430.18,29474.65,29272.32,29303.84,-0.004301773191170979
2023-08-14,29303.85,29695.32,29102.45,29430.93,0.0043275966976988696
2023-08-15,29430.92,29499.26,29059.6,29200.0,-0.0078774528796102
2023-08-16,29200.01,29259.85,28723.08,28730.51,-0.016209084961303622
2023-08-17,28730.51,28783.48,25166.0,26623.41,-0.07616872037641167
2023-08-18,26623.41,26832.6,25619.0,26054.0,-0.021619596661148415
2023-08-19,26054.0,26281.0,25801.09,26100.01,0.0017643901949644589
2023-08-20,26100.01,26299.0,25971.05,26189.99,0.003441579224086804
2023-08-21,26190.0,26258.42,25812.0,26126.92,-0.0024110762869472635
2023-08-22,26126.92,26139.42,25300.0,26056.0,-0.0027181324335439115
2023-08-23,26055.99,26819.27,25812.82,26432.72,0.01435456870308414
2023-08-24,26432.71,26577.87,25864.0,26180.05,-0.009604966342235453
2023-08-25,26180.05,26314.05,25777.15,26060.01,-0.004595714908301547
2023-08-26,26060.0,26125.77,25985.92,26017.37,-0.0016375635459644805
2023-08-27,26017.38,26182.23,25966.11,26101.77,0.00323873624067934
2023-08-28,26101.78,26253.99,25864.5,26120.0,0.000698176287035663
2023-08-29,26120.0,28142.85,25922.0,27716.34,0.059320826564098275
2023-08-30,27716.34,27768.57,27017.24,27299.99,-0.0151357950818478
2023-08-31,27299.99,27587.51,25655.01,25940.78,-0.05107008806335594
2023-09-01,25940.77,26156.0,25333.75,25805.05,-0.005246038619321044
2023-09-02,25805.04,25987.5,25752.47,25869.51,0.0024948459526167835
2023-09-03,25869.52,26135.0,25800.0,25971.21,0.003923561650647033
2023-09-04,25971.21,26108.02,25631.21,25826.02,-0.005606105973525642
2023-09-05,25826.03,25915.49,25562.62,25792.1,-0.0013142673496244822
2023-09-06,25792.11,26040.0,25372.51,25759.95,-0.0012472832474370724
2023-09-07,25759.95,26443.14,25615.38,26255.0,0.019035486849342184
2023-09-08,26255.0,26445.5,25647.26,25910.5,-0.01320815513349337
2023-09-09,25910.5,25945.09,25796.64,25901.61,-0.0003431630206622342
2023-09-10,25901.6,26033.66,25570.57,25841.61,-0.0023191454606873935
2023-09-11,25841.6,25900.69,24901.0,25162.52,-0.02663039767580389
2023-09-12,25162.53,26567.0,25131.48,25840.1,0.02657196307677719
2023-09-13,25840.1,26405.22,25764.17,26222.0,0.014671204201257093
2023-09-14,26222.0,26860.49,26126.77,26522.73,0.011403348118842957
2023-09-15,26522.73,26888.0,26224.0,26600.0,0.0029091145916004006
2023-09-16,26599.99,26777.0,26445.0,26559.67,-0.0015173159554027868
2023-09-17,26559.67,26623.25,26399.0,26527.51,-0.0012115920994153866
2023-09-18,26527.5,27409.0,26377.35,26762.51,0.008819719840065637
2023-09-19,26762.5,27483.57,26667.79,27210.26,0.01659208048714994
2023-09-20,27210.25,27388.63,26800.0,27125.0,-0.003138296199427117
2023-09-21,27125.01,27159.6,26377.7,26568.08,-0.020745316649489014
2023-09-22,26568.08,26743.38,26468.77,26580.14,0.0004538251782273123
2023-09-23,26580.14,26632.81,26509.0,26575.96,-0.0001572726369548166
2023-09-24,26575.97,26738.54,26122.08,26248.38,-0.01240277490489352
2023-09-25,26248.39,26446.15,25990.46,26304.81,0.002147539347757194
2023-09-26,26304.8,26397.46,26088.34,26221.67,-0.0031656440496646743
2023-09-27,26221.68,26850.0,26112.06,26372.99,0.005754212215801185
2023-09-28,26373.0,27308.48,26342.4,27021.39,0.024288394222757907
2023-09-29,27021.39,27244.89,26665.16,26906.96,-0.0042437853832940535
2023-09-30,26906.96,27094.99,26886.31,26962.56,0.002064247824862265
2023-10-01,26962.57,28065.51,26954.09,27992.57,0.03748988079317705
2023-10-02,27992.58,28580.0,27281.44,27494.51,-0.017952769440012815
2023-10-03,27494.51,27676.52,27160.5,27426.46,-0.0024781075361443865
2023-10-04,27426.45,27839.72,27202.0,27778.57,0.012756619276586195
2023-10-05,27778.57,28120.39,27352.0,27410.39,-0.013342721522066095
2023-10-06,27410.39,28295.0,27175.94,27931.09,0.018818266735082634
2023-10-07,27931.1,28029.67,27842.08,27956.67,0.0009154062279922295
2023-10-08,27956.67,28095.14,27687.5,27917.05,-0.0014181982742726472
2023-10-09,27917.06,27987.93,27260.0,27590.12,-0.011779875664382407
2023-10-10,27590.12,27735.0,27298.0,27390.12,-0.007275373195296091
2023-10-11,27390.12,27477.39,26538.66,26875.52,-0.01896652932854734
2023-10-12,26875.52,26947.04,26555.0,26759.63,-0.004321426540286491
2023-10-13,26759.63,27130.0,26685.0,26862.0,0.0038182399293200187
2023-10-14,26862.0,26989.58,26789.0,26852.48,-0.0003544668067039467
2023-10-15,26852.48,27293.33,26808.25,27154.15,0.011171707530674917
2023-10-16,27154.14,30000.0,27112.66,28500.78,0.04840156611029453
2023-10-17,28500.77,28613.65,28069.32,28395.91,-0.0036863346095197267
2023-10-18,28395.91,28982.36,28142.87,28320.0,-0.0026768518861103275
2023-10-19,28320.0,28916.89,28100.66,28713.71,0.01380644022600064
2023-10-20,28713.71,30207.55,28578.29,29669.04,0.03272936881268124
2023-10-21,29669.05,30379.99,29464.77,29909.8,0.008082108028452294
2023-10-22,29909.8,30248.0,29640.0,29992.46,0.002759830846653565
2023-10-23,29992.46,34741.91,29883.6,33069.99,0.09768020786547688
2023-10-24,33069.99,35280.0,32832.34,33922.73,0.02545906657086265
2023-10-25,33922.73,35132.85,33679.05,34496.05,0.016759533553249224
2023-10-26,34496.05,34824.13,33751.0,34151.66,-0.01003363081588025
2023-10-27,34151.66,34245.0,33390.95,33892.02,-0.00763160546721126
2023-10-28,33892.01,34493.33,33860.0,34081.0,0.005560455807826632
2023-10-29,34081.01,34750.11,33930.0,34525.89,0.012969433130901344
2023-10-30,34525.88,34856.0,34062.84,34474.73,-0.0014828854979810758
2023-10-31,34474.74,34720.49,34025.0,34639.77,0.004775852062776867
2023-11-01,34639.78,35582.0,34097.39,35421.43,0.022314560261213128
2023-11-02,35421.43,35984.99,34300.0,34941.59,-0.013639193957310053
2023-11-03,34941.58,34946.5,34120.0,34716.78,-0.0064546666973641625
2023-11-04,34716.78,35255.0,34585.18,35062.07,0.00989677583723088
2023-11-05,35062.06,35380.0,34448.0,35011.88,-0.0014324869251003767
2023-11-06,35011.89,35276.33,34725.9,35046.09,0.0009766198683485855
2023-11-07,35046.09,35888.0,34523.06,35399.12,0.010022908737337355
2023-11-08,35399.13,36106.0,35100.0,35624.72,0.0063528178351219345
2023-11-09,35624.72,37972.24,35534.05,36701.09,0.029766675983155067
2023-11-10,36701.1,37526.0,36324.71,37301.63,0.01623057053490802
2023-11-11,37301.63,37408.26,36666.93,37130.0,-0.004611757237879132
2023-11-12,37129.99,37222.22,36731.1,37064.13,-0.0017756126342137468
2023-11-13,37064.13,37417.99,36333.0,36462.93,-0.016353527492521336
2023-11-14,36462.93,36744.0,34800.0,35551.19,-0.0253224983929354
2023-11-15,35551.2,37980.0,35360.0,37858.2,0.06287397140001015
2023-11-16,37858.2,37929.54,35500.0,36163.51,-0.04579700167213188
2023-11-17,36163.51,36800.0,35861.1,36613.92,0.012377896572665345
2023-11-18,36613.91,36845.49,36178.58,36568.1,-0.001252220312786142
2023-11-19,36568.11,37500.0,36384.02,37359.86,0.021420590373204398
2023-11-20,37359.85,37750.0,36677.0,37448.78,0.0023772666332884944
2023-11-21,37448.79,37649.44,35735.0,35741.65,-0.046657457238005864
2023-11-22,35741.65,37861.1,35632.01,37408.34,0.045576998787717926
2023-11-23,37408.35,37653.44,36870.0,37294.28,-0.003053710529443689
2023-11-24,37294.27,38414.0,37251.51,37713.57,0.011180012954367782
2023-11-25,37713.57,37888.0,37591.1,37780.67,0.0017776195288349984
2023-11-26,37780.67,37814.63,37150.0,37447.43,-0.008859513391713852
2023-11-27,37447.42,37569.23,36707.0,37242.7,-0.005482130309367848
2023-11-28,37242.7,38377.0,36868.41,37818.87,0.01535223194675372
2023-11-29,37818.88,38450.0,37570.0,37854.64,0.0009453771250752638
2023-11-30,37854.65,38145.85,37500.0,37723.96,-0.0034581251896556686
2023-12-01,37723.97,38999.0,37615.86,38682.52,0.025092382063089787
2023-12-02,38682.51,39717.14,38641.61,39450.35,0.019655100831166433
2023-12-03,39450.35,40250.0,39274.86,39972.26,0.013142794289187723
2023-12-04,39972.26,42420.0,39972.26,41991.1,0.049271977534901416
2023-12-05,41991.1,44488.0,41414.0,44073.32,0.04839691964470645
2023-12-06,44073.82,44297.21,43335.28,43762.69,-0.007072982823143485
2023-12-07,43762.69,44047.33,42821.1,43273.14,-0.011249508685349425
2023-12-08,43273.15,44700.0,43081.1,44170.99,0.020536119557329653
2023-12-09,44171.0,44358.02,43584.51,43713.6,-0.010408972260493799
2023-12-10,43713.59,44049.0,43563.0,43789.51,0.0017350244818206502
2023-12-11,43789.5,43804.5,40222.0,41253.4,-0.05966075735492428
2023-12-12,41253.41,42104.12,40680.0,41492.39,0.005776503301278852
2023-12-13,41492.38,43475.2,40555.0,42869.03,0.032639616880829996
2023-12-14,42869.03,43420.0,41400.0,43022.26,0.0035680023564587876
2023-12-15,43022.26,43080.81,41666.0,41940.3,-0.025470477640977214
2023-12-16,41940.29,42724.43,41605.0,42278.03,0.008020387258140575
2023-12-17,42278.02,42424.07,41252.0,41374.65,-0.021599191335207872
2023-12-18,41374.64,42757.81,40542.93,42657.8,0.030541766708551847
2023-12-19,42657.8,43497.0,41811.1,42275.99,-0.008990828549252048
2023-12-20,42275.99,44283.0,42206.0,43668.93,0.03241755264462973
2023-12-21,43668.92,44242.35,43286.72,43861.8,0.004406916568444891
2023-12-22,43861.79,44398.26,43412.54,43969.04,0.0024419680670525194
2023-12-23,43969.04,43988.68,43291.1,43702.16,-0.006088221088727501
2023-12-24,43702.15,43946.0,42500.0,42991.5,-0.016395107062850675
2023-12-25,42991.5,43802.32,42720.43,43576.13,0.013507101635684676
2023-12-26,43576.12,43592.68,41637.6,42508.93,-0.02479535186467053
2023-12-27,42508.93,43677.0,42098.69,43428.85,0.02140979529821103
2023-12-28,43428.86,43787.57,42241.79,42563.76,-0.02012077980823538
2023-12-29,42563.76,43111.0,41300.0,42066.95,-0.011740790238734814
2023-12-30,42066.94,42612.32,41520.3,42140.28,0.0017416561151908701
2023-12-31,42140.29,42899.0,41965.84,42283.58,0.0033947781497301243
2024-01-01,42283.58,44184.1,42180.77,44179.55,0.04386318131378095
2024-01-02,44179.55,45879.63,44148.34,44946.91,0.01722000317113513
2024-01-03,44946.91,45500.0,40750.0,42845.23,-0.04788769521256018
2024-01-04,42845.23,44729.58,42613.77,44151.1,0.03002352150755492
2024-01-05,44151.1,44357.46,42450.0,44145.11,-0.0001356796630157846
2024-01-06,44145.12,44214.42,43397.05,43968.32,-0.004012787545087865
2024-01-07,43968.32,44480.59,43572.09,43929.02,-0.000894225072540774
2024-01-08,43929.01,47248.99,43175.0,46951.04,0.06653020711240704
2024-01-09,46951.04,47972.0,44748.67,46110.0,-0.018075510415030107
2024-01-10,46110.0,47695.93,44300.36,46653.99,0.01172860796383382
2024-01-11,46654.0,48969.48,45606.06,46339.16,-0.006771062230729273
2024-01-12,46339.16,46515.53,41500.0,42782.73,-0.0798528754667809
2024-01-13,42782.74,43257.0,42436.12,42847.99,0.0015242196406752171
2024-01-14,42847.99,43079.0,41720.0,41732.35,-0.02638212870563945
2024-01-15,41732.35,43400.43,41718.05,42511.1,0.01848861088034885
2024-01-16,42511.1,43578.01,42050.0,43137.95,0.014637901828299413
2024-01-17,43137.94,43198.0,42200.69,42776.1,-0.008423584725432613
2024-01-18,42776.09,42930.0,40683.28,41327.5,-0.03445139745815894
2024-01-19,41327.51,42196.86,40280.0,41659.03,0.007990013891329613
2024-01-20,41659.03,41872.56,41456.3,41696.04,0.0008880084302503328
2024-01-21,41696.05,41881.39,41500.98,41580.33,-0.002778941360300473
2024-01-22,41580.32,41689.65,39431.58,39568.02,-0.049606002668420156
2024-01-23,39568.02,40176.74,38555.0,39897.6,0.008294955472882228
2024-01-24,39897.59,40555.0,39484.19,40084.88,0.004683034141144241
2024-01-25,40084.89,40300.24,39550.0,39961.09,-0.003092975166303934
2024-01-26,39961.09,42246.82,39822.52,41823.51,0.04555239092628425
2024-01-27,41823.51,42200.0,41394.34,42120.63,0.00707902280697713
2024-01-28,42120.63,42842.68,41620.81,42031.06,-0.002128775638974226
2024-01-29,42031.05,43333.0,41804.88,43302.7,0.029806119942710457
2024-01-30,43302.71,43882.36,42683.99,42941.1,-0.008385579459892248
2024-01-31,42941.1,43745.11,42276.84,42580.0,-0.008444749797383772
2024-02-01,42580.0,43285.13,41884.28,43082.94,0.011742435619609937
2024-02-02,43082.95,43488.0,42546.79,43200.0,0.0027134001651212595
2024-02-03,43199.99,43380.01,42880.0,43011.09,-0.004382505832045197
2024-02-04,43011.1,43119.04,42222.0,42582.88,-0.010005694851545816
2024-02-05,42582.88,43569.76,42258.1,42708.7,0.002950351987088814
2024-02-06,42708.7,43399.98,42574.0,43098.95,0.009095988310426472
2024-02-07,43098.96,44396.5,42788.0,44349.6,0.028605054685199374
2024-02-08,44349.6,45614.3,44331.1,45288.65,0.02095275967005496
2024-02-09,45288.66,48200.0,45242.12,47132.77,0.03991206359421791
2024-02-10,47132.78,48170.0,46800.0,47751.09,0.013033381077871586
2024-02-11,47751.08,48592.66,47557.16,48299.99,0.01142945972783506
2024-02-12,48300.0,50334.82,47710.01,49917.27,0.03293568144658824
2024-02-13,49917.28,50368.61,48300.95,49699.59,-0.004370351494182536
2024-02-14,49699.6,52043.71,49225.01,51795.17,0.041300218103198914
2024-02-15,51795.17,52816.62,51314.0,51880.0,0.0016364577734705157
2024-02-16,51880.01,52572.08,51566.0,52124.11,0.004694246184426713
2024-02-17,52124.1,52162.82,50625.0,51642.64,-0.009279917800631372
2024-02-18,51642.64,52377.0,51163.28,52137.67,0.009540032294676114
2024-02-19,52137.68,52488.77,51677.0,51774.73,-0.00698552773070659
2024-02-20,51774.74,52985.0,50760.37,52258.82,0.009306488030900633
2024-02-21,52258.82,52366.8,50625.0,51849.39,-0.007865510526459354
2024-02-22,51849.38,52065.78,50940.78,51288.42,-0.01087817419895304
2024-02-23,51288.42,51548.54,50521.0,50744.15,-0.010668655359765033
2024-02-24,50744.15,51698.0,50585.0,51568.22,0.016109250933854777
2024-02-25,51568.21,51958.55,51279.8,51728.85,0.0031100616788884284
2024-02-26,51728.85,54910.0,50901.44,54476.47,0.051753212367562834
2024-02-27,54476.48,57588.15,54450.13,57037.34,0.045937275755513214
2024-02-28,57037.35,64000.0,56691.85,62432.1,0.09037342510456357
2024-02-29,62432.11,63676.35,60364.7,61130.98,-0.021060790861507746
2024-03-01,61130.99,63114.23,60777.0,62387.9,0.02035257099534111
2024-03-02,62387.9,62433.19,61561.12,61987.28,-0.006442143609634661
2024-03-03,61987.28,63231.88,61320.0,63113.97,0.018012936948412033
2024-03-04,63113.97,68499.0,62300.0,68245.71,0.07817243529189463
2024-03-05,68245.71,69000.0,59005.0,63724.01,-0.06855316030923639
2024-03-06,63724.01,67641.1,62779.14,66074.04,0.03621451680304252
2024-03-07,66074.04,67980.0,65551.0,66823.17,0.011273945248864211
2024-03-08,66823.18,69990.0,66082.66,68124.19,0.019282486315176334
2024-03-09,68124.2,68541.1,67861.1,68313.27,0.0027716745979517753
2024-03-10,68313.28,69887.61,68094.75,68955.88,0.009362842188647231
2024-03-11,68955.88,72800.0,67024.96,72078.1,0.044283373561153284
2024-03-12,72078.1,73000.0,68620.82,71452.01,-0.008724217811494954
2024-03-13,71452.0,73650.25,71333.31,73072.41,0.022424831790492365
2024-03-14,73072.4,73777.0,68555.0,71388.94,-0.02330791194500903
2024-03-15,71388.94,72419.71,65600.0,69499.85,-0.02681836109117046
2024-03-16,69499.84,70043.0,64780.0,65300.63,-0.062322910279710986
2024-03-17,65300.64,68904.4,64533.0,68393.48,0.046275814432356635
2024-03-18,68393.47,68956.0,66565.2,67609.99,-0.01152174525222046
2024-03-19,67610.0,68124.11,61555.0,61937.4,-0.08763155563733493
2024-03-20,61937.41,68100.0,60775.0,67840.51,0.09103531158594273
2024-03-21,67840.51,68240.47,64529.01,65501.27,-0.03508997737785613
2024-03-22,65501.28,66649.62,62260.0,63796.64,-0.026369007379098856
2024-03-23,63796.64,65999.0,63000.0,63990.01,0.003026453038660462
2024-03-24,63990.02,67628.69,63772.29,67209.99,0.04909491976870599
2024-03-25,67210.0,71150.0,66385.06,69880.01,0.038957731173826136
2024-03-26,69880.0,71561.1,69280.0,69988.0,0.0015441704140665396
2024-03-27,69987.99,71769.54,68359.18,69469.99,-0.007428938024621631
2024-03-28,69469.99,71552.06,68903.62,70780.6,0.01869009109453202
2024-03-29,70780.6,70916.16,69009.0,69850.54,-0.01322713532737063
2024-03-30,69850.53,70321.1,69540.0,69582.18,-0.0038493164497219014
2024-03-31,69582.17,71366.0,69562.99,71280.01,0.024107423379159526
2024-04-01,71280.0,71288.23,68062.86,69649.8,-0.02313609473301786
2024-04-02,69649.81,69674.23,64550.0,65463.99,-0.06197960825197718
2024-04-03,65463.99,66903.63,64493.07,65963.28,0.007598003093028574
2024-04-04,65963.27,69309.91,65064.52,68487.79,0.03755725764251874
2024-04-05,68487.8,68756.67,65952.56,67820.62,-0.009789202703133824
2024-04-06,67820.63,69692.0,67447.83,68896.0,0.015731842680183246
2024-04-07,68896.0,70326.29,68824.0,69360.39,0.006717834111896003
2024-04-08,69360.38,72797.99,69043.24,71620.0,0.03205840927643814
2024-04-09,71620.0,71758.19,68210.0,69146.0,-0.03515415339654028
2024-04-10,69146.0,71172.08,67518.0,70631.08,0.02125006308303191
2024-04-11,70631.08,71305.89,69567.21,70006.23,-0.00888603616768445
2024-04-12,70006.22,71227.46,65086.86,67116.52,-0.04215402471169341
2024-04-13,67116.52,67929.0,60660.57,63924.51,-0.04872735746222276
2024-04-14,63924.52,65840.0,62134.0,65661.84,0.026815078915186055
2024-04-15,65661.85,66867.07,62274.4,63419.99,-0.03473882339914055
2024-04-16,63419.99,64365.0,61600.0,63793.39,0.005870468536476564
2024-04-17,63793.4,64499.0,59678.16,61277.37,-0.040238973210926274
2024-04-18,61277.38,64117.09,60803.35,63470.08,0.035158006998813135
2024-04-19,63470.09,65450.0,59600.01,63818.01,0.005466825160537417
2024-04-20,63818.01,65419.0,63090.07,64940.59,0.01743741302682119
2024-04-21,64940.58,65695.56,64237.5,64941.15,8.623229100669178e-06
2024-04-22,64941.15,67232.35,64500.0,66819.32,0.028510785110948657
2024-04-23,66819.32,67183.01,65765.81,66414.0,-0.006084382651452649
2024-04-24,66414.0,67070.43,63606.06,64289.59,-0.03251015685090299
2024-04-25,64289.58,65297.94,62794.0,64498.34,0.0032417662557915235
2024-04-26,64498.33,64820.01,63297.48,63770.01,-0.011356469895713836
2024-04-27,63770.0,63923.41,62391.24,63461.98,-0.004842030716018614
2024-04-28,63461.98,64370.0,62781.0,63118.62,-0.005425173243951366
2024-04-29,63118.62,64228.35,61765.53,63866.0,0.01177132522006203
2024-04-30,63866.0,64734.0,59191.6,60672.0,-0.051304831768252054
2024-05-01,60672.01,60841.63,56552.82,58364.97,-0.03876642553474422
2024-05-02,58364.97,59625.0,56911.84,59060.61,0.011848323644138173
2024-05-03,59060.6,63333.0,58811.32,62882.01,0.06269590851696512
2024-05-04,62882.01,64540.0,62541.03,63892.04,0.01593467072506892
2024-05-05,63892.03,64646.0,62822.17,64012.0,0.0018757817997593531
2024-05-06,64012.0,65500.0,62700.0,63165.19,-0.013317207511333138
2024-05-07,63165.18,64422.41,62261.0,62312.08,-0.013598050793730939
2024-05-08,62312.07,63020.22,60888.0,61193.03,-0.018122013335120257
2024-05-09,61193.03,63429.03,60630.0,63074.01,0.030275504659909153
2024-05-10,63074.0,63469.13,60187.12,60799.99,-0.03671917430504504
2024-05-11,60799.99,61515.0,60487.09,60825.99,0.0004275402409262431
2024-05-12,60825.99,61888.0,60610.0,61483.99,0.01075965097938284
2024-05-13,61484.0,63450.0,60749.21,62940.08,0.023406346968515828
2024-05-14,62940.09,63118.36,61142.77,61577.49,-0.021886781008613777
2024-05-15,61577.49,66444.16,61319.47,66206.5,0.07248226375544757
2024-05-16,66206.51,66752.01,64602.77,65235.21,-0.014779291590717515
2024-05-17,65235.21,67451.2,65106.38,67024.0,0.027051410361314365
2024-05-18,67024.0,67400.01,66600.0,66915.2,-0.0016246180943355483
2024-05-19,66915.2,67700.0,65857.25,66274.01,-0.00962833180615985
2024-05-20,66274.0,71515.56,66060.31,71446.62,0.07515278314448008
2024-05-21,71446.62,71979.0,69162.94,70148.34,-0.018338454758227797
2024-05-22,70148.34,70666.0,68842.19,69166.62,-0.014093766386815483
2024-05-23,69166.62,70096.12,66312.16,67969.65,-0.017457094288918538
2024-05-24,67969.66,69250.0,66600.12,68549.99,0.008501978114690344
2024-05-25,68549.99,69610.0,68500.0,69290.57,0.01074556177134258
2024-05-26,69290.56,69562.23,68128.01,68507.67,-0.011363112097898122
2024-05-27,68507.67,70687.56,68250.0,69436.43,0.013465947937329524
2024-05-28,69436.43,69591.81,67277.91,68398.39,-0.0150623714003808
2024-05-29,68398.4,68935.68,67124.65,67652.42,-0.010966160005080427
2024-05-30,67652.41,69500.0,67128.0,68352.17,0.010290184685345129
2024-05-31,68352.17,69044.1,66670.0,67540.01,-0.011953148002230988
2024-06-01,67540.01,67900.0,67428.44,67766.85,0.003352974306247208
2024-06-02,67766.84,68460.0,67257.47,67765.63,-1.800306465331948e-05
2024-06-03,67765.62,70288.0,67612.48,68809.9,0.015292495676779325
2024-06-04,68809.89,71063.45,68567.32,70537.84,0.02480167347858517
2024-06-05,70537.83,71758.0,70383.66,71108.0,0.008050544645661345
2024-06-06,71108.0,71700.0,70117.64,70799.06,-0.004354124285061161
2024-06-07,70799.06,71997.02,68420.0,69355.6,-0.020598830454873523
2024-06-08,69355.6,69582.2,69168.02,69310.46,-0.00065106056369522
2024-06-09,69310.46,69857.14,69130.24,69648.14,0.004860162159083764
2024-06-10,69648.15,70195.94,69172.29,69540.0,-0.0015538683361776106
2024-06-11,69540.0,69590.01,66051.0,67314.24,-0.032530322415029955
2024-06-12,67314.23,69999.0,66905.0,68263.99,0.014010590579490376
2024-06-13,68263.98,68449.3,66251.78,66773.01,-0.02208343776467173
2024-06-14,66773.01,67370.24,65078.0,66043.99,-0.010977921824138023
2024-06-15,66043.99,66478.48,65857.1,66228.25,0.0027860739213107213
2024-06-16,66228.25,66998.7,66034.5,66676.87,0.006751007092293841
2024-06-17,66676.86,67298.81,65130.0,66504.33,-0.002591057844952401
2024-06-18,66504.33,66588.23,64060.0,65175.32,-0.020186188658431685
2024-06-19,65175.32,65727.54,64666.0,64974.37,-0.0030879852219766885
2024-06-20,64974.37,66482.94,64559.15,64869.99,-0.001607771373120505
2024-06-21,64869.99,65066.66,63379.35,64143.56,-0.011261416759841722
2024-06-22,64143.56,64546.81,63943.82,64262.01,0.001844936066219504
2024-06-23,64262.01,64521.0,63178.32,63210.01,-0.016505957689856198
2024-06-24,63210.01,63369.8,58402.0,60293.3,-0.04724168823827901
2024-06-25,60293.3,62420.0,60257.06,61806.01,0.024779622477455705
2024-06-26,61806.01,62487.81,60712.0,60864.99,-0.015342476362678105
2024-06-27,60864.98,62389.22,60606.63,61706.47,0.013730655086801458
2024-06-28,61706.46,62225.31,60063.0,60427.84,-0.020938861751513153
2024-06-29,60427.84,61224.0,60383.77,60986.68,0.009205553774616642
2024-06-30,60986.68,63058.76,60712.21,62772.01,0.028853793809744524
2024-07-01,62772.01,63861.76,62497.2,62899.99,0.0020367312407112426
2024-07-02,62900.0,63288.83,61806.28,62135.47,-0.012229003319739846
2024-07-03,62135.46,62285.94,59400.0,60208.58,-0.0315021343281225
2024-07-04,60208.57,60498.19,56771.0,57050.01,-0.05388661548310068
2024-07-05,57050.02,57546.0,53485.93,56628.79,-0.007410738462197537
2024-07-06,56628.79,58475.0,56018.0,58230.13,0.027885405242016163
2024-07-07,58230.13,58449.46,55724.37,55857.81,-0.04159356377998373
2024-07-08,55857.81,58236.73,54260.16,56714.62,0.015222671228313616
2024-07-09,56714.61,58296.0,56289.45,58050.0,0.023272682322844962
2024-07-10,58050.0,59470.0,57157.79,57725.85,-0.0055996280225802065
2024-07-11,57725.85,59650.0,57050.0,57339.89,-0.006708538049520128
2024-07-12,57339.89,58526.68,56542.47,57889.1,0.009532569171711086
2024-07-13,57889.09,59850.0,57756.63,59204.02,0.022460333746386348
2024-07-14,59204.01,61420.69,59194.01,60797.91,0.02656596839138983
2024-07-15,60797.91,64900.0,60632.3,64724.14,0.06257882518464983
2024-07-16,64724.06,65388.97,62373.24,65043.99,0.004929571655444641
2024-07-17,65044.0,66128.63,63854.0,64087.99,-0.014806827344029673
2024-07-18,64087.99,65133.3,63238.48,63987.92,-0.0015626673332034774
2024-07-19,63987.92,67386.0,63300.67,66660.0,0.040910757335444886
2024-07-20,66660.01,67598.0,66222.46,67139.96,0.00717432290208512
2024-07-21,67139.97,68366.66,65777.0,68165.34,0.015156828740989328
2024-07-22,68165.35,68474.55,66559.97,67532.01,-0.009334516829783621
2024-07-23,67532.0,67750.98,65441.08,65936.01,-0.023916981434216472
2024-07-24,65936.0,67102.01,65111.0,65376.0,-0.008529507623456261
2024-07-25,65376.01,66175.49,63456.7,65799.95,0.006463859817351855
2024-07-26,65799.95,68200.0,65722.63,67907.99,0.03153462223775808
2024-07-27,67908.0,69399.99,66650.0,67896.5,-0.00016921384598440523
2024-07-28,67896.49,68318.43,67066.66,68249.88,0.005191188977428364
2024-07-29,68249.88,70079.99,66428.0,66784.69,-0.02170181316434392
2024-07-30,66784.68,67000.0,65302.67,66188.0,-0.008974685027823451
2024-07-31,66188.0,66849.24,64530.0,64628.0,-0.02385142421501373
2024-08-01,64628.01,65659.78,62302.0,65354.02,0.011171199683345215
2024-08-02,65354.02,65596.14,61230.01,61498.33,-0.06080893312569105
2024-08-03,61498.34,62198.22,59850.0,60697.99,-0.013099436128860992
2024-08-04,60697.99,61117.63,57122.77,58161.0,-0.04269555681819708
2024-08-05,58161.0,58305.59,49000.0,54018.81,-0.07388270778154322
2024-08-06,54018.82,57040.99,53950.0,56022.01,0.03641232998749407
2024-08-07,56022.0,57736.05,54558.62,55134.16,-0.015975161468007117
2024-08-08,55133.76,62745.14,54730.0,61685.99,0.11228735091416127
2024-08-09,61686.0,61744.37,59535.0,60837.99,-0.013842409307287744
2024-08-10,60837.99,61470.58,60242.0,60923.51,0.001404713543484379
2024-08-11,60923.51,61858.0,58286.73,58712.59,-0.036964958668207114
2024-08-12,58712.59,60711.09,57642.21,59346.64,0.010741321896940523
2024-08-13,59346.64,61578.1,58392.88,60587.15,0.020687318243458014
2024-08-14,60587.16,61800.0,58433.18,58683.39,-0.031926101818424826
2024-08-15,58683.39,59849.38,56078.54,57541.06,-0.019657942646201854
2024-08-16,57541.05,59817.76,57098.62,58874.6,0.022910978337253942
2024-08-17,58874.59,59700.0,58785.05,59491.99,0.010431923382209742
2024-08-18,59491.99,60284.99,58408.92,58427.35,-0.018057579517003593
2024-08-19,58427.35,59617.63,57787.3,59438.5,0.017158062435947308
2024-08-20,59438.5,61400.0,58548.23,59013.8,-0.007170849698593443
2024-08-21,59013.8,61820.93,58783.47,61156.03,0.03565715238614722
2024-08-22,61156.03,61400.0,59724.87,60375.84,-0.012839442327577983
2024-08-23,60375.83,64955.0,60342.14,64037.24,0.05887576421662603
2024-08-24,64037.24,64494.5,63531.0,64157.01,0.0018685710918962383
2024-08-25,64157.02,65000.0,63773.27,64220.0,0.0009813284334161388
2024-08-26,64219.99,64481.0,62800.0,62834.0,-0.021818360418123024
2024-08-27,62834.0,63212.0,58034.01,59415.0,-0.05594960850125526
2024-08-28,59415.0,60234.98,57860.0,59034.9,-0.006417925294743356
2024-08-29,59034.9,61166.99,58713.09,59359.01,0.005475126375226921
2024-08-30,59359.0,59944.07,57701.1,59123.99,-0.003967156608714223
2024-08-31,59123.99,59462.38,58744.0,58973.99,-0.00254026496747557
2024-09-01,58974.0,59076.59,57201.0,57301.86,-0.028763415319443375
2024-09-02,57301.77,59425.69,57128.0,59132.13,0.03144134758080365
2024-09-03,59132.12,59809.65,57415.0,57487.73,-0.028202897779850595
2024-09-04,57487.74,58519.0,55606.0,57970.9,0.008369626775024829
2024-09-05,57970.9,58327.07,55643.65,56180.0,-0.03138033882672037
2024-09-06,56180.0,57008.0,52550.0,53962.97,-0.040262751080288636
2024-09-07,53962.97,54850.0,53745.54,54160.86,0.0036604367595428834
2024-09-08,54160.86,55318.0,53629.01,54869.95,0.01300733247035669
2024-09-09,54869.95,58088.0,54591.96,57042.0,0.03882199877924005
2024-09-10,57042.01,58044.36,56386.4,57635.99,0.010359360363052208
2024-09-11,57635.99,57981.71,55545.19,57338.0,-0.005183618786241656
2024-09-12,57338.0,58588.0,57324.0,58132.32,0.013758211280425158
2024-09-13,58132.31,60625.0,57632.62,60498.0,0.039888515176949337
2024-09-14,60497.99,60610.45,59400.0,59993.03,-0.008381917831569096
2024-09-15,59993.02,60395.8,58691.05,59132.0,-0.014456155768720775
2024-09-16,59132.0,59210.7,57493.3,58213.99,-0.01564652918074257
2024-09-17,58213.99,61320.0,57610.01,60313.99,0.035438379599161005
2024-09-18,60313.99,61786.24,59174.8,61759.99,0.023691660342147144
2024-09-19,61759.98,63850.0,61555.0,62947.99,0.01905308607791393
2024-09-20,62948.0,64133.32,62350.0,63201.05,0.004012085061529829
2024-09-21,63201.05,63559.9,62758.0,63348.96,0.0023375749611005414
2024-09-22,63348.97,64000.0,62357.93,63578.76,0.0036209624041565595
2024-09-23,63578.76,64745.88,62538.75,63339.99,-0.0037625690717466927
2024-09-24,63339.99,64688.0,62700.0,64262.7,0.01446248637939056
2024-09-25,64262.7,64817.99,62947.08,63152.01,-0.017434692343162504
2024-09-26,63152.01,65839.0,62670.0,65173.99,0.03151578569135097
2024-09-27,65173.99,66498.0,64819.9,65769.95,0.009102584128001627
2024-09-28,65769.95,66260.0,65422.23,65858.0,0.0013378619530761801
2024-09-29,65858.0,66076.12,65432.0,65602.01,-0.003894573316477157
2024-09-30,65602.01,65618.8,62856.3,63327.59,-0.03528524055475455
2024-10-01,63327.6,64130.63,60164.0,60805.78,-0.04063624492665931
2024-10-02,60804.92,62390.31,60000.0,60649.28,-0.002577086316775542
2024-10-03,60649.27,61477.19,59828.11,60752.71,0.001703926352847916
2024-10-04,60752.72,62484.85,60459.9,62086.0,0.02170883041003728
2024-10-05,62086.0,62370.56,61689.26,62058.0,-0.00045108906551724495
2024-10-06,62058.01,62975.0,61798.97,62819.91,0.012202629820996201
2024-10-07,62819.91,64478.19,62128.0,62224.0,-0.009531284031326389
2024-10-08,62224.01,63200.0,61860.31,62160.49,-0.0010211885021863328
2024-10-09,62160.5,62543.75,60301.0,60636.02,-0.024830482976427176
2024-10-10,60636.01,61321.68,58946.0,60326.39,-0.005119452832531935
2024-10-11,60326.4,63417.56,60087.64,62540.0,0.03603669892744918
2024-10-12,62539.99,63480.0,62487.23,63206.22,0.010596362001929363
2024-10-13,63206.23,63285.72,62050.0,62870.02,-0.0053332935199566596
2024-10-14,62870.02,66500.0,62457.81,66083.99,0.04985708823410627
2024-10-15,66084.0,67950.0,64800.01,67074.14,0.014872066015212413
2024-10-16,67074.14,68424.0,66750.49,67620.01,0.008105370403983361
2024-10-17,67620.0,67939.4,66666.0,67421.78,-0.0029358340463448997
2024-10-18,67421.78,69000.0,67192.36,68428.0,0.014813986471420449
2024-10-19,68427.99,68693.26,68010.0,68378.0,-0.0007309621248523259
2024-10-20,68377.99,69400.0,68100.0,69031.99,0.00951888488044817
2024-10-21,69032.0,69519.52,66840.67,67377.5,-0.02425888605349007
2024-10-22,67377.5,67836.01,66571.42,67426.0,0.0007195659176902162
2024-10-23,67426.01,67472.83,65260.0,66668.65,-0.01129587277243706
2024-10-24,66668.65,68850.0,66510.0,68198.28,0.02268451715263484
2024-10-25,68198.27,68771.49,65596.29,66698.33,-0.022239429463163648
2024-10-26,66698.32,67454.55,66439.9,67092.76,0.005896224370562871
2024-10-27,67092.76,68332.05,66913.73,68021.7,0.013750632418520554
2024-10-28,68021.69,70270.0,67618.0,69962.21,0.02812846721520796
2024-10-29,69962.21,73620.12,69760.0,72736.42,0.03888698282937757
2024-10-30,72736.41,72961.0,71436.0,72344.74,-0.005399473668343945
2024-10-31,72344.75,72700.0,69685.76,70292.01,-0.02878461169591104
2024-11-01,70292.01,71632.95,68820.14,69496.01,-0.011388795745506882
2024-11-02,69496.0,69914.37,69000.14,69374.74,-0.0017465165389545408
2024-11-03,69374.74,69391.0,67478.73,68775.99,-0.008668122839253566
2024-11-04,68775.99,69500.0,66835.0,67850.01,-0.013555167807772158
2024-11-05,67850.01,70577.91,67476.63,69372.01,0.02218393837390412
2024-11-06,69372.01,76400.0,69298.0,75571.99,0.08560223984821512
2024-11-07,75571.99,76849.99,74416.0,75857.89,0.0037760095920657505
2024-11-08,75857.89,77199.99,75555.0,76509.78,0.00855685431952021
2024-11-09,76509.78,76900.0,75714.66,76677.46,0.0021892171563324633
2024-11-10,76677.46,81500.0,76492.0,80370.01,0.04703330369431591
2024-11-11,80370.01,89530.54,80216.01,88647.99,0.09803226217915882
2024-11-12,88648.0,89940.0,85072.0,87952.01,-0.007882034011635572
2024-11-13,87952.0,93265.64,86127.99,90375.2,0.027178568661184198
2024-11-14,90375.21,91790.0,86668.21,87325.59,-0.03432634643790914
2024-11-15,87325.59,91850.0,87073.38,91032.07,0.041568314974823425
2024-11-16,91032.08,91779.66,90056.17,90586.92,-0.004902030249246929
2024-11-17,90587.98,91449.99,88722.0,89855.99,-0.008101554091419313
2024-11-18,89855.98,92594.0,89376.9,90464.08,0.006744588166355547
2024-11-19,90464.07,93905.51,90357.0,92310.79,0.02020817024435305
2024-11-20,92310.8,94831.97,91500.0,94286.56,0.021177619537080205
2024-11-21,94286.56,98988.0,94040.0,98317.12,0.04185951709945262
2024-11-22,98317.12,99588.01,97122.11,98892.0,0.005830172847894076
2024-11-23,98892.0,98908.85,97136.0,97672.4,-0.012409323871574746
2024-11-24,97672.4,98564.0,95734.77,97900.04,0.002327936418892903
2024-11-25,97900.05,98871.8,92600.19,93010.01,-0.051239836346874276
2024-11-26,93010.01,94973.37,90791.1,91965.16,-0.011297312096130885
2024-11-27,91965.16,97208.21,91792.14,95863.11,0.04151142667791282
2024-11-28,95863.11,96564.0,94640.0,95643.98,-0.002288480239917697
2024-11-29,95643.99,98619.99,95364.99,97460.0,0.01880928130380514
2024-11-30,97460.0,97463.95,96092.01,96407.99,-0.010852955416106586
2024-12-01,96407.99,97836.0,95693.88,97185.18,0.008029148706736931
2024-12-02,97185.17,98130.0,94395.0,95840.62,-0.013931627244584067
2024-12-03,95840.61,96305.52,93578.17,95849.69,9.463180488125695e-05
2024-12-04,95849.69,99000.0,94587.83,98587.32,0.028161417666881416
2024-12-05,98587.32,104088.0,90500.0,96945.63,-0.01679234704122157
2024-12-06,96945.63,101898.99,95981.72,99740.84,0.028424916087496886
2024-12-07,99740.84,100439.18,98844.0,99831.99,0.0009134510578209996
2024-12-08,99831.99,101351.0,98657.7,101109.59,0.012716305068205409
2024-12-09,101109.6,101215.93,94150.05,97276.47,-0.03864784755258232
2024-12-10,97276.48,98270.0,94256.54,96593.0,-0.007050855728157901
2024-12-11,96593.0,101888.0,95658.24,101125.0,0.04585110055392514
2024-12-12,101125.0,102540.0,99311.64,100004.29,-0.011144290310743151
2024-12-13,100004.29,101895.26,99205.0,101424.25,0.014099129370686553
2024-12-14,101424.24,102650.0,100609.41,101420.0,-4.190407172619906e-05
2024-12-15,101420.0,105250.0,101237.14,104463.99,0.02957210835064263
2024-12-16,104463.99,107793.07,103333.0,106058.66,0.015149918553743596
2024-12-17,106058.65,108353.0,105321.49,106133.74,0.0007076596818099129
2024-12-18,106133.74,106524.98,100000.0,100204.01,-0.057491789143001994
2024-12-19,100204.01,102800.11,95700.0,97461.86,-0.02774708582409932
2024-12-20,97461.86,98233.0,92232.54,97805.44,0.003519077229743537
2024-12-21,97805.44,99540.61,96398.39,97291.99,-0.005263536125710258
2024-12-22,97292.0,97448.08,94250.35,95186.27,-0.02188095438284901
2024-12-23,95186.28,96538.92,92520.0,94881.47,-0.0032072803231183965
2024-12-24,94881.47,99487.99,93569.02,98663.58,0.039087452998785556
2024-12-25,98663.58,99569.15,97632.02,99429.6,0.007733974670366026
2024-12-26,99429.61,99963.7,95199.14,95791.6,-0.03727485759295436
2024-12-27,95791.6,97544.58,93500.01,94299.03,-0.01570409519397809
2024-12-28,94299.03,95733.99,94135.66,95300.0,0.010558907393903796
2024-12-29,95300.0,95340.0,93009.52,93738.2,-0.016524020398176582
2024-12-30,93738.19,95024.5,91530.45,92792.05,-0.010144822242994745
2024-12-31,92792.05,96250.0,92033.73,93576.0,0.008412972329420844
2025-01-01,93576.0,95151.15,92888.0,94591.79,0.010796745473918477
2025-01-02,94591.78,97839.5,94392.0,96984.79,0.02498347626229524
2025-01-03,96984.79,98976.91,96100.01,98174.18,0.012189085912690157
2025-01-04,98174.17,98778.43,97514.79,98220.5,0.00047170321374159335
2025-01-05,98220.51,98836.85,97276.79,98363.61,0.001455967374787927
2025-01-06,98363.61,102480.0,97920.0,102235.6,0.03860903512357024
2025-01-07,102235.6,102724.38,96181.81,96954.61,-0.05303702286757633
2025-01-08,96954.6,97268.65,92500.9,95060.61,-0.019728242676769096
2025-01-09,95060.61,95382.32,91203.67,92552.49,-0.026738745131460816
2025-01-10,92552.49,95836.0,92206.02,94726.11,0.02321373193383758
2025-01-11,94726.1,95050.94,93831.73,94599.99,-0.0013323046178590012
2025-01-12,94599.99,95450.1,93711.19,94545.06,-0.0005808240981644022
2025-01-13,94545.07,95940.0,89256.69,94536.1,-9.477411717486941e-05
2025-01-14,94536.11,97371.0,94346.22,96560.86,0.021191710994825055
2025-01-15,96560.85,100681.94,96500.0,100497.35,0.03995787586321273
2025-01-16,100497.35,100866.66,97335.13,99987.3,-0.005088181069371945
2025-01-17,99987.3,105865.22,99950.77,104077.48,0.04009244384371839
2025-01-18,104077.47,104988.88,102277.55,104556.23,0.004589391046213007
2025-01-19,104556.23,106422.43,99651.6,101331.57,-0.0313270015419219
2025-01-20,101331.57,109588.0,99550.0,102260.01,0.009120676170877553
2025-01-21,102260.0,107240.81,100119.04,106143.82,0.03727627951194209
2025-01-22,106143.82,106394.46,103339.12,103706.66,-0.023228630058235156
2025-01-23,103706.66,106850.0,101262.28,103910.34,0.001962075026061362
2025-01-24,103910.35,107120.0,102750.0,104870.5,0.009197843721146091
2025-01-25,104870.51,105286.52,104106.09,104746.85,-0.0011797688916675218
2025-01-26,104746.86,105500.0,102520.44,102620.0,-0.02051364123722352
2025-01-27,102620.01,103260.0,97777.77,102082.83,-0.005248302947392055
2025-01-28,102082.83,103800.0,100272.68,101335.52,-0.00734755111376838
2025-01-29,101335.52,104782.68,101328.01,103733.24,0.023385612440133215
2025-01-30,103733.25,106457.44,103278.54,104722.94,0.009495592181071395
2025-01-31,104722.94,106012.0,101560.0,102429.56,-0.022142853251164527
2025-02-01,102429.56,102783.71,100279.51,100635.65,-0.017668774175154188
2025-02-02,100635.66,101456.6,96150.0,97700.59,-0.029598970722466058
2025-02-03,97700.59,102500.01,91231.0,101328.52,0.03646031368487303
2025-02-04,101328.51,101732.31,96150.0,97763.13,-0.03582039951426249
2025-02-05,97763.14,99149.0,96155.0,96612.43,-0.011840104206887518
2025-02-06,96612.44,99120.0,95676.64,96554.35,-0.0006013456532248081
2025-02-07,96554.35,100137.99,95620.34,96506.8,-0.0004925900520273397
2025-02-08,96506.8,96880.0,95688.0,96444.74,-0.0006432703479849328
2025-02-09,96444.75,97323.09,94713.0,96462.75,0.00018672162550374357
2025-02-10,96462.75,98345.0,95256.0,97430.82,0.009985664239646478
2025-02-11,97430.82,98478.42,94876.88,95778.2,-0.017107486030289196
2025-02-12,95778.21,98119.99,94088.23,97869.99,0.021604863590941464
2025-02-13,97870.0,98083.91,95217.36,96608.14,-0.012976962582638805
2025-02-14,96608.13,98826.0,96252.82,97500.48,0.009194298389878524
2025-02-15,97500.47,97972.26,97223.58,97569.66,0.0007092833675137415
2025-02-16,97569.67,97704.47,96046.18,96118.12,-0.014988732643856638
2025-02-17,96118.12,97046.59,95205.0,95780.0,-0.0035239568777999416
2025-02-18,95780.01,96753.91,93388.09,95671.74,-0.001130937870179614
2025-02-19,95671.74,96899.99,95029.99,96644.37,0.010114995490717066
2025-02-20,96644.37,98711.36,96415.09,98305.0,0.017036938024453396
2025-02-21,98305.01,99475.0,94871.95,96181.98,-0.021832868521335577
2025-02-22,96181.99,96980.0,95770.49,96551.01,0.0038294476827775473
2025-02-23,96551.01,96650.0,95227.94,96258.0,-0.0030393831239023624
2025-02-24,96258.0,96500.0,91349.26,91552.88,-0.05011535775172125
2025-02-25,91552.88,92540.69,86050.99,88680.4,-0.03187783350742482
2025-02-26,88680.39,89414.15,82256.01,84250.09,-0.05124925785668909
2025-02-27,84250.09,87078.46,82716.49,84708.58,0.005427257747781736
2025-02-28,84708.57,85120.0,78258.52,84349.94,-0.004242797559089215
2025-03-01,84349.95,86558.0,83824.78,86064.53,0.020123266049919198
2025-03-02,86064.54,95000.0,85050.6,94270.0,0.09106564168828868
2025-03-03,94269.99,94416.46,85117.11,86220.61,-0.08925376118948612
2025-03-04,86221.16,88967.52,81500.0,87281.98,0.01223478265846054
2025-03-05,87281.98,91000.0,86334.53,90606.01,0.03737651951263447
2025-03-06,90606.0,92810.64,87836.0,89931.89,-0.007467940338037054
2025-03-07,89931.88,91283.02,84667.03,86801.75,-0.035425823298239754
2025-03-08,86801.74,86897.25,85218.47,86222.45,-0.006696198157303769
2025-03-09,86222.46,86500.0,80000.0,80734.37,-0.06576620160006473
2025-03-10,80734.48,84123.46,77459.91,78595.86,-0.026845356703792466
2025-03-11,78595.86,83617.4,76606.0,82932.99,0.053713906024732805
2025-03-12,82932.99,84539.85,80607.65,83680.12,0.008968502033038601
2025-03-13,83680.12,84336.33,79939.9,81115.78,-0.03112391755655611
2025-03-14,81115.78,85309.71,80818.84,83983.2,0.034739262047201416
2025-03-15,83983.19,84676.28,83618.0,84338.44,0.004220972745167093
2025-03-16,84338.44,85117.04,81981.12,82574.53,-0.021136472120496245
2025-03-17,82574.52,84756.83,82456.0,84010.03,0.017234917011719673
2025-03-18,84010.02,84021.74,81134.66,82715.03,-0.015534869726955195
2025-03-19,82715.03,87000.0,82547.16,86845.94,0.04873441757894435
2025-03-20,86845.93,87453.67,83655.23,84223.39,-0.030663070683642123
2025-03-21,84223.38,84850.33,83175.25,84088.79,-0.0015994092488549737
2025-03-22,84088.79,84539.17,83625.1,83840.59,-0.00295600663481781
2025-03-23,83840.59,86129.64,83809.75,86082.5,0.026388880980959678
2025-03-24,86082.5,88765.43,85519.09,87498.16,0.01631162582836565
2025-03-25,87498.16,88539.63,86310.0,87392.87,-0.0012040641846587025
2025-03-26,87392.88,88275.0,85860.0,86909.17,-0.005550150091920325
2025-03-27,86909.17,87756.39,85800.0,87232.01,0.0037078004164337397
2025-03-28,87232.01,87515.67,83585.0,84424.38,-0.0327151282624945
2025-03-29,84424.38,84624.73,81644.81,82648.54,-0.02125906318917359
2025-03-30,82648.53,83534.64,81565.0,82389.99,-0.003133210305684936
2025-03-31,82390.0,83943.08,81278.52,82550.01,0.0019403425512951966
2025-04-01,82550.0,85579.46,82432.74,85158.34,0.031108055610873073
2025-04-02,85158.35,88500.0,82320.0,82516.29,-0.031516618721199686
2025-04-03,82516.28,83998.02,81211.24,83213.09,0.008408938788086611
2025-04-04,83213.09,84720.0,81659.0,83889.87,0.008100200026060092
2025-04-05,83889.87,84266.0,82379.95,83537.99,-0.004203368759459135
2025-04-06,83537.99,83817.63,77153.83,78430.0,-0.06309499122461922
2025-04-07,78430.0,81243.58,74508.0,79163.24,0.00930554243469642
2025-04-08,79163.24,80867.99,76239.9,76322.42,-0.036545314426559464
2025-04-09,76322.42,83588.0,74620.0,82615.22,0.0792271898213657
2025-04-10,82615.22,82753.21,78464.36,79607.3,-0.03708812786599812
2025-04-11,79607.3,84300.0,78969.58,83423.84,0.04682832264786211
2025-04-12,83423.83,85905.0,82792.95,85276.9,0.02196948907660708
2025-04-13,85276.91,86100.0,83034.23,83760.0,-0.01794804235026729
2025-04-14,83760.0,85799.99,83678.0,84591.58,0.009879167909975919
2025-04-15,84591.58,86496.42,83600.0,83643.99,-0.01126515660201265
2025-04-16,83643.99,85500.0,83111.64,84030.38,0.0046088222541115645
2025-04-17,84030.38,85470.01,83736.26,84947.91,0.010859844983458261
2025-04-18,84947.92,85132.08,84303.96,84474.69,-0.005586282238964962
2025-04-19,84474.7,85677.99,84364.45,85077.01,0.0071048834511910006
2025-04-20,85077.0,85320.76,83949.52,85179.24,0.001200895852997235
2025-04-21,85179.24,88465.99,85144.76,87516.23,0.027066519704468342
2025-04-22,87516.22,93888.0,87076.03,93442.99,0.06552725583428472
2025-04-23,93442.99,94696.05,91935.41,93691.08,0.0026514695623879032
2025-04-24,93691.07,94005.0,91660.01,93980.47,0.0030840074520417163
2025-04-25,93980.47,95758.04,92855.96,94638.68,0.006979277255771385
2025-04-26,94638.68,95199.0,93870.69,94628.0,-0.00011285663183106742
2025-04-27,94628.0,95369.0,93602.58,93749.3,-0.009329217194183042
2025-04-28,93749.29,95630.0,92800.01,95011.18,0.013370370730845774
2025-04-29,95011.18,95461.53,93742.54,94256.82,-0.007971384433910092
2025-04-30,94256.82,95228.45,92910.0,94172.0,-0.0009002869702098006
2025-05-01,94172.0,97424.02,94130.43,96489.91,0.024315545810009744
2025-05-02,96489.9,97895.68,96350.0,96887.14,0.004108352658419524
2025-05-03,96887.13,96935.67,95753.01,95856.42,-0.01069534904680462
2025-05-04,95856.42,96304.48,94151.38,94277.62,-0.016607613109211234
2025-05-05,94277.61,95199.0,93514.1,94733.68,0.004825752587870044
2025-05-06,94733.68,96920.65,93377.0,96834.02,0.021928792437757434
2025-05-07,96834.02,97732.0,95784.61,97030.5,0.0020269832486365163
2025-05-08,97030.5,104145.76,96876.29,103261.6,0.06224021212940302
2025-05-09,103261.61,104361.3,102315.14,102971.99,-0.002808564699583071
2025-05-10,102971.99,104984.57,102818.76,104809.53,0.017687693367897713
2025-05-11,104809.53,104972.0,103345.06,104118.0,-0.0066198315306769204
2025-05-12,104118.0,105819.45,100718.37,102791.32,-0.012823957677924932
2025-05-13,102791.32,104976.25,101429.7,104103.72,0.012686796194268246
2025-05-14,104103.72,104356.95,102602.05,103507.82,-0.005740544445962826
2025-05-15,103507.83,104192.7,101383.07,103763.71,0.0024691295519930546
2025-05-16,103763.71,104550.33,103100.49,103463.9,-0.0028935353660749547
2025-05-17,103463.9,103709.86,102612.5,103126.65,-0.0032649150658740724
2025-05-18,103126.65,106660.0,103105.09,106454.26,0.03175756480007516
2025-05-19,106454.27,107108.62,102000.0,105573.74,-0.00830574322175089
2025-05-20,105573.73,107320.0,104184.72,106849.99,0.012016222070838009
2025-05-21,106850.0,110797.38,106100.01,109643.99,0.025812774424210004
2025-05-22,109643.99,111980.0,109177.37,111696.21,0.018544112729196732
2025-05-23,111696.22,111800.0,106800.0,107318.3,-0.03998359037453153
2025-05-24,107318.3,109506.03,106875.41,107761.91,0.004125071563271793
2025-05-25,107761.9,109299.99,106600.64,109004.19,0.011462065339148519
2025-05-26,109004.2,110422.22,108670.58,109434.79,0.003942524889582682
2025-05-27,109434.78,110718.0,107516.57,108938.17,-0.004548373170012511
2025-05-28,108938.17,109284.7,106769.43,107781.78,-0.0106718460844975
2025-05-29,107781.78,108891.91,105322.86,105589.75,-0.02054732532520838
2025-05-30,105589.75,106313.12,103621.0,103985.48,-0.015310028157546413
2025-05-31,103985.47,104900.0,103068.55,104591.88,0.00581464554481119
2025-06-01,104591.88,105866.91,103752.49,105642.93,0.00999890319604234
2025-06-02,105642.93,105935.63,103659.88,105857.99,0.002033656157331761
2025-06-03,105858.0,106794.67,104872.5,105376.89,-0.004555126803574655
2025-06-04,105376.9,106000.0,104179.0,104696.86,-0.00647422512636591
2025-06-05,104696.86,105909.71,100372.26,101508.68,-0.030924814911036578
2025-06-06,101508.69,105333.0,101095.8,104288.44,0.027016209665029333
2025-06-07,104288.43,105900.0,103871.09,105552.15,0.012044621848145592
2025-06-08,105552.15,106488.14,104964.14,105734.0,0.0017213626629398297
2025-06-09,105734.01,110530.17,105318.37,110263.02,0.0419420963494116
2025-06-10,110263.02,110400.0,108331.03,110274.39,0.00010311175786527098
2025-06-11,110274.39,110392.01,108064.0,108645.12,-0.01488492352072924
2025-06-12,108645.13,108813.55,105671.72,105671.73,-0.027749388787279217
2025-06-13,105671.74,106179.53,102664.31,106066.59,0.0037297023772628075
2025-06-14,106066.59,106252.0,104300.0,105414.64,-0.0061655785271072
2025-06-15,105414.63,106128.57,104494.53,105594.01,0.0017001202861056666
2025-06-16,105594.02,108952.38,104980.37,106794.53,0.011305061807508105
2025-06-17,106794.53,107771.34,103371.02,104551.17,-0.02123009135616664
2025-06-18,104551.17,105550.27,103500.0,104886.78,0.0032048660451346727
2025-06-19,104886.79,105226.17,103929.27,104658.59,-0.0021779540173212956
2025-06-20,104658.59,106524.65,102345.0,103297.99,-0.013085610610985732
2025-06-21,103297.98,103982.64,100837.9,102120.01,-0.011469227749354669
2025-06-22,102120.02,103399.62,98200.0,100963.87,-0.011385960226360707
2025-06-23,100963.87,106074.2,99613.33,105333.93,0.0423728593887924
2025-06-24,105333.94,106290.0,104622.02,106083.0,0.007086217120930923
2025-06-25,106083.0,108135.3,105808.03,107340.58,0.011784963544526447
2025-06-26,107340.59,108272.45,106562.5,106947.06,-0.003672824455672302
2025-06-27,106947.06,107735.34,106356.76,107047.59,0.0009395562683027059
2025-06-28,107047.58,107577.75,106811.51,107296.79,0.0023252311283283957
2025-06-29,107296.79,108528.5,107172.52,108356.93,0.00983195226177919
2025-06-30,108356.93,108789.99,106733.33,107146.5,-0.011233628430860393
2025-07-01,107146.51,107540.0,105250.85,105681.14,-0.01377060945880646
2025-07-02,105681.13,109730.0,105100.19,108849.6,0.029540665453745153
2025-07-03,108849.59,110529.18,108530.4,109584.78,0.006731383365643195
2025-07-04,109584.77,109767.59,107245.0,107984.24,-0.014713205707567904
2025-07-05,107984.25,108420.56,107756.31,108198.12,0.001978700480306492
2025-07-06,108198.12,109700.0,107800.01,109203.84,0.009252236497324772
2025-07-07,109203.85,109700.0,107513.2,108262.94,-0.008653329682976453
2025-07-08,108262.94,109216.56,107429.57,108922.98,0.0060781291164992805
2025-07-09,108922.99,111999.79,108324.53,111233.99,0.02099497361671242
2025-07-10,111234.0,116868.0,110500.0,116010.0,0.042040393709379065
2025-07-11,116010.01,118869.98,115222.22,117527.66,0.012997315848983379
2025-07-12,117527.66,118200.0,116900.05,117420.0,-0.0009164595002588142
2025-07-13,117420.0,119488.0,117224.79,119086.64,0.014094044790011754
2025-07-14,119086.65,123218.0,118905.18,119841.18,0.006316070756330813
2025-07-15,119841.17,119940.83,115736.92,117758.09,-0.01753493076270058
2025-07-16,117758.08,120063.84,117017.29,118630.43,0.0073805949622627876
2025-07-17,118630.44,120998.71,117453.57,119177.56,0.004601451493544703
2025-07-18,119177.56,120820.71,116812.76,117924.84,-0.01056700950065718
2025-07-19,117924.84,118499.9,117277.34,117840.0,-0.0007197002204572691
2025-07-20,117840.01,118856.8,116467.02,117265.12,-0.004890417918115617
2025-07-21,117265.11,119676.73,116515.0,117380.36,0.0009822478512299445
2025-07-22,117380.36,120247.8,116128.0,119954.42,0.021692235206271098
2025-07-23,119954.43,120090.0,117301.0,118755.99,-0.01004095354590667
2025-07-24,118756.0,119450.0,117103.1,118340.99,-0.0035006808084234644
2025-07-25,118340.98,118451.57,114723.16,117614.31,-0.006159491204291899
2025-07-26,117614.31,118297.35,117138.38,117919.99,0.002595631902628258
2025-07-27,117919.99,119766.65,117825.5,119415.55,0.012603083346820849
2025-07-28,119415.56,119800.0,117427.5,118062.32,-0.011396806340220294
2025-07-29,118062.32,119273.36,116950.75,117950.76,-0.0009453714032179849
2025-07-30,117950.75,118792.0,115796.23,117840.3,-0.0009369312651676298
2025-07-31,117840.29,118922.45,115500.0,115764.08,-0.01777599093867902
2025-08-01,115764.07,116052.0,112722.58,113297.93,-0.02153342924967691
2025-08-02,113297.92,114063.49,112003.0,112546.35,-0.006655760991846373
2025-08-03,112546.35,114799.97,111920.0,114208.8,0.014663215250676506
2025-08-04,114208.81,115720.0,114107.6,115055.03,0.007382183600908784
2025-08-05,115055.03,115127.81,112650.0,114129.75,-0.008074576568790104
2025-08-06,114129.75,115716.0,113355.13,114992.27,0.00752894963418136
2025-08-07,114992.27,117621.0,114259.0,117472.01,0.021335183728332856
2025-08-08,117472.02,117630.0,115878.71,116674.74,-0.00681002901994848
2025-08-09,116674.74,117944.05,116299.13,116462.25,-0.0018228772606176664
2025-08-10,116462.25,119311.11,116460.63,119294.01,0.024023932127064194
2025-08-11,119294.27,122335.16,118050.11,118686.0,-0.005109768025592827
2025-08-12,118686.0,120324.43,118207.47,120134.08,0.01212710210107966
2025-08-13,120134.09,123667.79,118920.92,123306.43,0.02606410567702287
2025-08-14,123306.44,124474.0,117180.0,118295.09,-0.04149029256629387
2025-08-15,118295.09,119216.82,116803.99,117342.05,-0.008089091530436165
2025-08-16,117342.04,117898.99,117143.98,117433.38,0.0007780201242263327
2025-08-17,117380.66,118575.0,117172.21,117405.01,0.00020742322210116917
2025-08-18,117405.01,117543.75,114640.14,116227.05,-0.010083975477294543
2025-08-19,116227.05,116725.69,112732.58,112872.94,-0.02928284432910472
2025-08-20,112872.95,114615.38,112380.0,114271.24,0.012312159298069381
2025-08-21,114271.23,114821.76,112015.67,112500.0,-0.01562169894735077
2025-08-22,112500.0,117429.05,111684.79,116935.99,0.03867346942564925